[
  {
    "companyName": "Travel on Tip",
    "availableSeats": 20,
    "departureDateTime": "2020-05-01T16:41:41",
    "travelRoute": {
      "destinationLocation": {
        "locationDesc": "klang Malaysia"
      },
      "originLocation": {
        "locationDesc": "Beauna Vista Singapore "
      }
    }
  },
  {
    "companyName": "Travel on Tip",
    "availableSeats": 20,
    "departureDateTime": "2020-05-01T16:41:41",
    "travelRoute": {
      "destinationLocation": {
        "locationDesc": "klang Malaysia"
      },
      "originLocation": {
        "locationDesc": "Beauna Vista Singapore "
      }
    }
  },
  {
    "companyName": "Travel on Tip",
    "availableSeats": 20,
    "departureDateTime": "2020-05-01T16:41:41",
    "travelRoute": {
      "destinationLocation": {
        "locationDesc": "klang Malaysia"
      },
      "originLocation": {
        "locationDesc": "Beauna Vista Singapore "
      }
    }
  }
]