[
  {
    "companycode": "TransNational",
    "originLocation": {
      "locationCode": "BEN-SG",
      "locationDesc": "Beauna Vista Singapore"
    },
    "destinationLocation": {
      "locationCode": "KLG-MY",
      "locationDesc": "Klang Malaysia"
    }
  },
  {
    "companycode": "TransNational",
    "originLocation": {
      "locationCode": "BEN-SG",
      "locationDesc": "Beauna Vista Singapore"
    },
    "destinationLocation": {
      "locationCode": "KLG-MY",
      "locationDesc": "Klang Malaysia"
    }
  },
  {
    "companycode": "TransNational",
    "originLocation": {
      "locationCode": "BEN-SG",
      "locationDesc": "Beauna Vista Singapore"
    },
    "destinationLocation": {
      "locationCode": "KLG-MY",
      "locationDesc": "Klang Malaysia"
    }
  }
]