[
  {
    "availableSeats": 20,
    "departureDateTime": "2019-04-30T16:41:410909Z",
    "travelRoute": {
      "destinationLoction": {
        "locxationCode": "KLG -MY"
      },
      "originLocation": {
        "locationCode": "BEN-SG"
      }
    }
  },
  {
    "availableSeats": 20,
    "departureDateTime": "2019-04-30T16:41:410909Z",
    "travelRoute": {
      "destinationLoction": {
        "locxationCode": "KLG-MY"
      },
      "originLocation": {
        "locationCode": "BEN-SG"
      }
    }
  }
]